,City,Country,Lat,Lng,Max Temp,Humidity,Cloudiness,Wind Speed,Current Description
0,Mataura,NZ,-46.19,168.86,61.0,52,100,11.99,moderate rain
1,Sitka,US,57.05,-135.33,53.6,87,75,6.51,broken clouds
2,Atuona,PF,-9.8,-139.03,78.69,76,4,21.88,clear sky
3,Victoria,HK,22.29,114.16,84.0,74,23,3.0,few clouds
4,Ankpa,NG,7.37,7.63,71.44,96,100,6.58,overcast clouds
5,Yakeshi,CN,49.28,120.73,45.5,81,100,9.89,overcast clouds
6,Ushuaia,AR,-54.8,-68.3,32.0,90,40,19.46,light snow
7,Turbat,PK,26.0,63.04,98.76,9,0,9.55,clear sky
8,Mahebourg,MU,-20.41,57.7,71.6,83,20,3.36,few clouds
9,Pangnirtung,CA,66.15,-65.71,23.9,85,24,6.22,few clouds
10,Itoman,JP,26.12,127.67,87.8,52,75,16.11,broken clouds
11,Busselton,AU,-33.65,115.33,63.0,40,29,17.07,scattered clouds
12,Obidos,BR,-1.92,-55.52,80.26,60,93,2.55,overcast clouds
13,Ramygala,LT,55.52,24.3,48.2,87,55,9.17,broken clouds
14,Jacqueville,CI,5.21,-4.41,77.0,94,40,8.05,scattered clouds
15,Rikitea,PF,-23.12,-134.97,72.99,78,6,18.77,clear sky
16,Nemuro,JP,43.32,145.57,62.6,77,75,10.29,broken clouds
17,Sibolga,ID,1.74,98.78,75.33,91,100,4.21,overcast clouds
18,Cidreira,BR,-30.18,-50.21,65.97,91,65,13.62,broken clouds
19,Vaini,TO,-21.2,-175.2,77.0,83,75,12.75,broken clouds
20,Upata,VE,8.01,-62.4,71.04,98,75,3.91,broken clouds
21,Necochea,AR,-38.55,-58.74,46.0,74,1,8.01,clear sky
22,Butaritari,KI,3.07,172.79,81.36,72,0,14.76,clear sky
23,Kropotkin,RU,45.44,40.58,59.85,65,100,13.04,light rain
24,Souillac,MU,-20.52,57.52,71.6,83,20,3.36,few clouds
25,Sambava,MG,-14.27,50.17,76.01,76,12,7.74,few clouds
26,Bluff,NZ,-46.6,168.33,61.0,52,100,11.99,light rain
27,Varna,BG,43.22,27.92,52.0,87,0,3.74,clear sky
28,Anadyr,RU,64.75,177.48,41.0,65,100,6.71,overcast clouds
29,Kaitangata,NZ,-46.28,169.85,54.0,71,93,1.99,light rain
30,Zhangjiakou,CN,40.81,114.88,57.04,32,0,14.65,clear sky
31,Saint-Augustin,CA,51.23,-58.65,50.54,92,20,8.32,few clouds
32,Taoudenni,ML,22.68,-3.98,89.26,12,0,5.44,clear sky
33,Hobart,AU,-42.88,147.33,69.01,34,40,24.16,scattered clouds
34,Iznik,TR,40.43,29.72,44.6,93,36,3.47,scattered clouds
35,Albany,US,42.6,-73.97,54.0,66,28,2.42,scattered clouds
36,Dikson,RU,73.51,80.55,34.23,86,100,18.79,overcast clouds
37,Kavieng,PG,-2.57,150.8,82.22,77,100,11.32,light rain
38,Lata,PT,40.16,-8.33,64.0,94,100,14.0,overcast clouds
39,Bethel,US,41.37,-73.41,59.0,87,90,3.11,overcast clouds
40,Hermanus,ZA,-34.42,19.23,54.0,83,77,4.0,light rain
41,Oranjemund,NA,-28.55,16.43,53.85,84,1,12.68,clear sky
42,Macheng,CN,31.18,115.03,71.67,81,100,1.66,overcast clouds
43,Srednekolymsk,RU,67.45,153.68,41.49,62,98,10.2,overcast clouds
44,Coihaique,CL,-45.58,-72.07,33.8,50,99,1.12,overcast clouds
45,Barrow,US,71.29,-156.79,33.8,86,90,13.87,mist
46,Hilo,US,19.73,-155.09,82.4,69,1,5.82,clear sky
47,Russell,US,32.35,-85.2,66.2,67,1,4.7,clear sky
48,Beian,NO,63.66,9.57,57.2,62,8,27.51,clear sky
49,Touros,BR,-5.2,-35.46,73.4,88,40,2.24,scattered clouds
50,Nishihara,JP,26.18,127.76,87.8,54,75,13.87,broken clouds
51,Tautira,PF,-17.73,-149.15,82.4,65,40,3.36,scattered clouds
52,Kavaratti,IN,10.57,72.64,82.4,78,40,6.93,scattered clouds
53,Yumen,CN,40.28,97.2,57.16,27,100,11.9,overcast clouds
54,Faanui,PF,-16.48,-151.75,79.07,79,40,20.49,scattered clouds
55,Saint-Pierre,RE,-21.34,55.48,77.0,65,0,4.7,clear sky
56,Tasiilaq,GL,65.61,-37.64,33.8,80,100,29.97,overcast clouds
57,Padang,ID,-0.95,100.35,78.13,83,100,5.26,heavy intensity rain
58,Kochi,IN,9.94,76.26,82.4,74,40,6.93,haze
59,Chuy,UY,-33.7,-53.46,53.53,77,0,10.04,clear sky
60,Severo-Kurilsk,RU,50.68,156.12,50.05,79,96,8.57,overcast clouds
61,Male,MV,4.17,73.51,81.99,74,100,8.77,overcast clouds
62,Reserva,BR,-24.65,-50.85,67.86,53,6,1.68,clear sky
63,Saldanha,ZA,-33.01,17.94,53.6,76,97,9.17,overcast clouds
64,Laguna,US,38.42,-121.42,73.99,60,1,3.29,haze
65,Muana,BR,-1.53,-49.22,76.05,87,56,4.45,broken clouds
66,Malanje,AO,-9.54,16.34,64.99,90,89,5.35,overcast clouds
67,Ulladulla,AU,-35.35,150.47,82.4,17,0,12.75,clear sky
68,Imbituba,BR,-28.24,-48.67,71.6,94,75,10.29,broken clouds
69,Vestmannaeyjar,IS,63.44,-20.27,44.13,70,0,5.68,clear sky
70,Parana,AR,-31.73,-60.52,54.63,54,1,12.66,clear sky
71,Klaksvik,FO,62.23,-6.59,53.6,87,98,21.92,light rain
72,Araouane,ML,18.9,-3.53,92.01,28,0,8.86,clear sky
73,Bubaque,GW,11.28,-15.83,81.23,79,96,8.43,overcast clouds
74,Gunjur,GM,13.2,-16.73,77.0,100,20,12.03,few clouds
75,Longyearbyen,SJ,78.22,15.64,32.0,91,75,3.36,light rain and snow
76,Camargo,MX,27.67,-105.17,67.87,31,0,7.78,clear sky
77,Bohumin,CZ,49.9,18.36,54.0,99,100,1.99,moderate rain
78,Poum,NC,-20.23,164.02,73.22,65,100,10.98,overcast clouds
79,Gamba,GA,-2.65,10.0,75.22,80,86,3.67,overcast clouds
80,Faya,SA,18.39,42.45,62.6,26,27,4.23,scattered clouds
81,Tiksi,RU,71.69,128.87,28.04,94,89,16.78,overcast clouds
82,Vanavara,RU,60.34,102.28,36.88,78,61,5.19,broken clouds
83,Aquin,HT,18.28,-73.4,80.01,80,59,1.81,light rain
84,Maharajganj,IN,27.13,83.57,87.8,84,40,3.36,mist
85,Castro,BR,-24.79,-50.01,70.59,46,0,2.51,clear sky
86,Thompson,CA,55.74,-97.86,33.8,87,75,1.81,broken clouds
87,Kapaa,US,22.08,-159.32,82.4,69,1,8.05,clear sky
88,Chabahar,IR,25.29,60.64,84.2,79,0,3.09,clear sky
89,Mangrol,IN,21.12,70.12,84.22,72,76,9.62,broken clouds
90,Jamestown,US,42.1,-79.24,46.0,93,40,6.93,mist
91,Yellowknife,CA,62.46,-114.35,42.8,81,75,8.05,broken clouds
92,Flinders,AU,-34.58,150.86,78.01,45,0,4.0,clear sky
93,Cantaura,VE,9.31,-64.36,74.48,91,58,10.38,broken clouds
94,Port-Gentil,GA,-0.72,8.78,76.62,79,63,9.53,broken clouds
95,Mangan,IN,27.52,88.53,85.71,40,16,5.91,few clouds
96,Nioro,GM,13.35,-15.75,75.51,95,43,5.93,scattered clouds
97,Pevek,RU,69.7,170.31,36.28,80,100,13.11,overcast clouds
98,Evensk,RU,61.95,159.23,47.32,53,0,1.99,clear sky
99,Olinda,BR,-8.01,-34.86,78.8,74,75,11.41,broken clouds
100,Inhambane,MZ,-23.86,35.38,73.62,83,86,4.79,overcast clouds
101,Esperance,AU,-33.87,121.9,68.0,64,75,14.99,broken clouds
102,Mosquera,CO,4.71,-74.23,50.83,83,29,2.62,scattered clouds
103,Deputatskiy,RU,69.3,139.9,28.69,90,97,3.96,overcast clouds
104,Ostrovnoy,RU,68.05,39.51,46.6,88,100,16.31,overcast clouds
105,Takoradi,GH,4.88,-1.76,74.5,90,41,5.35,scattered clouds
106,Shediac,CA,46.22,-64.54,57.2,87,75,8.05,broken clouds
107,Kruisfontein,ZA,-34.0,24.73,55.99,81,89,5.99,overcast clouds
108,Pochutla,MX,15.74,-96.47,73.0,91,44,3.29,scattered clouds
109,Atambua,ID,-9.11,124.89,86.74,45,24,4.32,few clouds
110,Bahawalpur,PK,29.4,71.68,95.02,15,0,6.31,clear sky
111,Ulagan,RU,50.63,87.96,42.1,55,56,1.43,broken clouds
112,Rawson,AR,-43.3,-65.1,39.25,71,35,18.48,scattered clouds
113,Eyl,SO,7.98,49.82,82.13,65,22,13.24,few clouds
114,Lethem,GY,3.38,-59.8,80.35,62,62,2.64,broken clouds
115,Riachao,BR,-7.36,-46.62,77.97,33,97,6.53,overcast clouds
116,Saint-Philippe,RE,-21.36,55.77,77.0,65,3,4.7,clear sky
117,Presevo,RS,42.31,21.65,43.0,93,0,2.21,clear sky
118,Katsuura,JP,35.13,140.3,82.99,64,20,5.82,few clouds
119,Carnarvon,AU,-24.87,113.63,73.4,60,49,13.87,scattered clouds
120,Doha,QA,25.29,51.53,95.0,59,0,5.82,clear sky
121,Atar,MR,20.52,-13.05,85.82,25,0,10.47,clear sky
122,Rabak,SD,13.18,32.74,79.61,66,0,9.71,clear sky
123,Nanortalik,GL,60.14,-45.24,38.57,88,100,15.35,light rain
124,Aswan,EG,24.09,32.91,86.43,22,1,10.33,clear sky
125,Georgetown,MY,5.41,100.34,80.6,78,20,3.36,few clouds
126,Talnakh,RU,69.49,88.4,33.8,100,75,6.71,fog
127,Saryg-Sep,RU,51.5,95.6,39.4,65,95,3.24,overcast clouds
128,Ilulissat,GL,69.22,-51.1,35.6,69,100,9.17,overcast clouds
129,Aromashevo,RU,56.86,68.64,53.28,74,69,8.14,broken clouds
130,Moussoro,TD,13.64,16.49,84.18,47,0,7.29,clear sky
131,Sinnamary,GF,5.38,-52.95,78.75,83,18,5.3,light rain
132,Natal,BR,-5.79,-35.21,73.4,88,40,2.24,scattered clouds
133,Brainerd,US,46.36,-94.2,41.0,69,90,3.36,overcast clouds
134,Bredasdorp,ZA,-34.53,20.04,57.2,62,90,20.8,light rain
135,Buraydah,SA,26.33,43.98,75.2,31,0,2.68,clear sky
136,Yarmouth,US,41.71,-70.23,64.0,100,20,3.36,few clouds
137,Zelenoborskiy,RU,66.84,32.36,48.79,91,62,3.47,broken clouds
138,Saskylakh,RU,71.92,114.08,27.73,95,100,24.52,light snow
139,Huilong,CN,31.81,121.66,82.99,59,4,1.01,clear sky
140,Mogadishu,SO,2.04,45.34,80.6,69,75,12.75,broken clouds
141,Koslan,RU,63.46,48.9,46.56,89,93,4.29,overcast clouds
142,Palana,RU,59.12,159.97,42.96,77,0,8.97,clear sky
143,Chokurdakh,RU,70.63,147.92,33.51,83,99,1.74,overcast clouds
144,Bandarbeyla,SO,9.49,50.81,79.43,77,30,15.39,scattered clouds
145,Coquimbo,CL,-29.95,-71.34,50.0,87,1,2.24,clear sky
146,Orangeburg,US,33.49,-80.86,63.0,93,1,4.7,clear sky
147,Ola,RU,59.58,151.28,49.28,62,0,7.63,clear sky
148,Hithadhoo,MV,-0.6,73.08,83.5,66,58,2.26,broken clouds
149,Khilchipur,IN,24.03,76.57,86.36,48,0,9.66,clear sky
150,Lulea,SE,65.58,22.15,46.4,100,90,1.12,fog
151,Qaanaaq,GL,77.48,-69.36,16.3,82,77,5.79,broken clouds
152,Cherskiy,RU,68.75,161.3,36.1,78,18,2.44,few clouds
153,Asau,RO,46.43,26.4,46.0,97,91,4.81,overcast clouds
154,Paracuru,BR,-3.41,-39.03,80.01,74,44,15.99,scattered clouds
155,Kalispell,US,48.2,-114.31,51.01,93,1,3.36,clear sky
156,Avarua,CK,-21.21,-159.78,77.0,88,0,13.87,clear sky
157,Petropavlovsk-Kamchatskiy,RU,53.05,158.65,57.2,54,11,13.42,light rain
158,Yangambi,CD,0.81,24.43,69.96,99,99,1.54,moderate rain
159,Medea,DZ,36.26,2.75,57.2,87,0,2.24,clear sky
160,Aklavik,CA,68.22,-135.01,41.0,86,40,5.82,scattered clouds
161,Bataipora,BR,-22.3,-53.27,81.09,27,62,1.68,broken clouds
162,Uarini,BR,-2.99,-65.11,72.39,97,89,0.58,overcast clouds
163,Fuyang,CN,32.9,115.82,72.0,77,100,9.17,light rain
164,Pangabuan,PH,8.06,123.7,90.0,62,51,4.05,broken clouds
165,Hofn,IS,64.25,-15.21,44.47,56,76,4.23,broken clouds
166,Avera,US,33.19,-82.53,64.4,100,1,5.82,clear sky
167,Scarborough,GB,54.28,-0.4,46.0,100,33,3.36,mist
168,Gumdag,TM,39.21,54.59,66.96,23,0,17.25,clear sky
169,Ambilobe,MG,-13.2,49.05,81.99,56,1,3.56,clear sky
170,Winnemucca,US,40.97,-117.74,55.4,17,1,3.36,clear sky
171,Bengkulu,ID,-3.8,102.27,76.06,87,99,9.6,overcast clouds
172,Kolda,SN,12.88,-14.95,74.88,97,15,6.71,few clouds
173,Kirksville,US,40.19,-92.58,43.0,93,1,3.36,clear sky
174,Kodiak,US,57.79,-152.41,51.8,87,90,29.97,moderate rain
175,Solwezi,ZM,-12.17,26.39,63.97,42,4,1.61,clear sky
176,Isangel,VU,-19.55,169.27,70.63,88,100,13.47,moderate rain
177,Springbok,ZA,-29.66,17.89,42.6,88,72,8.66,broken clouds
178,Baruun-Urt,MN,46.68,113.28,42.12,63,83,13.11,broken clouds
179,Markova,UA,48.68,24.41,50.36,89,99,2.48,overcast clouds
180,Warrensburg,US,38.76,-93.74,44.6,81,1,4.7,clear sky
181,Helong,CN,42.54,129.0,63.81,53,47,4.14,scattered clouds
182,Kachiry,KZ,53.07,76.1,51.8,67,100,5.59,overcast clouds
183,Naryan-Mar,RU,67.67,53.09,47.14,92,100,16.75,light rain
184,Harper,LR,4.38,-7.72,76.03,89,95,9.33,light rain
185,Balkanabat,TM,39.51,54.37,70.16,21,0,8.7,clear sky
186,Alofi,NU,-19.06,-169.92,78.8,94,87,1.12,overcast clouds
187,Dibulla,CO,11.27,-73.31,77.79,80,74,5.68,broken clouds
188,Chara,RU,56.91,118.26,34.47,88,100,4.12,overcast clouds
189,Ratchaburi,TH,13.58,99.53,90.9,57,54,3.18,broken clouds
190,Umba,RU,66.69,34.34,45.34,93,6,3.74,clear sky
191,Tuatapere,NZ,-46.13,167.68,61.0,52,99,11.99,moderate rain
192,Wanlaweyn,SO,2.62,44.89,80.6,72,58,10.49,broken clouds
193,Kulhudhuffushi,MV,6.62,73.07,82.24,75,9,10.29,clear sky
194,Mao,ES,39.89,4.27,71.6,83,75,18.34,broken clouds
195,Mazagao,BR,-0.12,-51.29,80.6,88,20,3.36,few clouds
196,Havoysund,NO,71.0,24.66,46.4,87,75,5.82,broken clouds
197,Atasu,KZ,48.68,71.64,50.94,49,2,10.51,clear sky
198,Gat,IL,31.61,34.76,73.99,91,0,1.01,clear sky
199,Westport,US,41.14,-73.36,64.4,59,90,7.18,overcast clouds
200,Sembe,CG,1.65,14.58,67.1,95,83,1.28,broken clouds
201,Basco,PH,20.45,121.97,81.88,69,0,17.69,clear sky
202,Hovd,MN,48.01,91.64,36.18,71,75,8.72,broken clouds
203,Kloulklubed,PW,7.04,134.26,84.2,74,90,6.93,shower rain
204,Lebu,CL,-37.62,-73.65,44.91,84,3,6.53,clear sky
205,Namibe,AO,-15.2,12.15,62.64,86,24,3.56,few clouds
206,Kerouane,GN,9.27,-9.02,68.45,93,96,1.7,overcast clouds
207,Airai,TL,-8.93,125.41,78.44,45,19,7.56,few clouds
208,Idar,DE,49.72,7.3,48.99,100,75,10.29,fog
209,Partenit,UA,44.58,34.34,64.72,66,0,5.03,clear sky
210,Grand-Santi,GF,4.25,-54.38,71.73,96,85,2.3,overcast clouds
211,Binabalian,PH,16.42,119.93,85.3,72,97,5.3,overcast clouds
212,Dingle,PH,11.0,122.67,86.72,72,67,4.76,light rain
213,Shangqiu,CN,34.45,115.65,71.01,72,100,14.83,light rain
214,Peniche,PT,39.36,-9.38,64.99,91,100,17.0,overcast clouds
215,Kidal,ML,18.44,1.41,86.83,39,10,3.85,clear sky
216,Manzanillo,CU,20.34,-77.12,77.11,85,100,0.54,light rain
217,Dzaoudzi,YT,-12.79,45.27,78.8,83,20,3.36,few clouds
218,Vanino,RU,49.09,140.25,57.13,57,7,6.42,clear sky
219,Upernavik,GL,72.79,-56.15,23.02,92,6,15.5,clear sky
220,Kirakira,SB,-10.45,161.92,83.07,67,26,7.18,scattered clouds
221,Whitehorse,CA,60.72,-135.05,48.2,57,20,12.75,few clouds
222,Hamilton,US,39.18,-84.53,50.0,70,1,8.05,clear sky
223,Beloha,MG,-25.17,45.05,73.62,59,30,7.34,scattered clouds
224,Tuktoyaktuk,CA,69.45,-133.04,41.0,93,90,10.29,light rain
225,Aykhal,RU,66.0,111.5,26.6,58,15,6.71,few clouds
226,Oksbol,DK,55.63,8.29,57.2,93,98,9.17,overcast clouds
227,Ozernovskiy,RU,51.5,156.52,50.02,79,28,9.98,scattered clouds
228,Iqaluit,CA,63.75,-68.51,28.4,79,75,12.75,broken clouds
229,Provideniya,RU,64.38,-173.3,39.2,93,90,17.9,overcast clouds
230,Narsaq,GL,60.92,-46.05,37.4,90,100,14.99,light rain
231,Khulna,BD,22.81,89.57,88.41,71,93,8.14,overcast clouds
232,Onega,RU,63.91,38.14,46.62,89,39,0.65,scattered clouds
233,Siyabuswa,ZA,-25.11,29.04,65.86,73,61,24.07,light rain
234,Toora-Khem,RU,52.47,96.11,36.18,71,79,6.4,broken clouds
235,Morehead,US,37.27,-87.18,53.6,81,1,6.46,clear sky
236,Sur,OM,22.57,59.53,90.95,37,0,4.34,clear sky
237,Fairbanks,US,64.84,-147.72,57.2,43,1,6.93,clear sky
238,Dukat,RU,62.55,155.55,38.52,63,1,0.38,clear sky
239,Siilinjarvi,FI,63.08,27.67,48.2,93,90,6.93,mist
240,Buin,CL,-33.73,-70.75,50.0,70,2,4.7,clear sky
241,Nioki,CD,-2.72,17.68,68.94,94,73,2.17,broken clouds
242,Ust-Kuyga,RU,70.02,135.6,31.68,89,91,7.23,overcast clouds
243,Bukachacha,RU,52.98,116.92,42.12,86,100,4.32,light rain
244,Tombouctou,ML,20.0,-3.0,90.25,28,0,8.95,clear sky
245,Greece,US,43.21,-77.69,51.01,81,75,8.05,broken clouds
246,Beringovskiy,RU,63.05,179.32,39.97,86,100,27.58,light rain
247,Muros,ES,42.78,-9.06,55.99,83,100,5.99,moderate rain
248,Saint-Medard-En-Jalles,FR,44.9,-0.72,57.2,93,100,13.87,light rain
249,Georgiyevka,KZ,43.04,74.71,48.2,32,76,2.24,broken clouds
250,Lavrentiya,RU,65.58,-171.0,38.46,90,100,12.8,light rain
251,Liepaja,LV,56.54,21.04,50.0,93,0,8.05,clear sky
252,Guiratinga,BR,-16.35,-53.76,79.97,26,78,3.09,broken clouds
253,Wajima,JP,37.4,136.9,73.4,56,20,6.93,few clouds
254,Acapulco,MX,16.86,-99.89,80.46,81,85,6.13,overcast clouds
255,Coahuayana,MX,18.73,-103.68,77.11,84,9,3.36,clear sky
256,Cortez,US,37.35,-108.59,55.99,31,1,4.7,clear sky
257,Oruro,BO,-17.98,-67.15,48.81,64,61,7.11,broken clouds
258,Svetlogorsk,BY,52.63,29.73,55.98,54,100,10.92,overcast clouds
259,Dali,CN,25.7,100.18,76.91,52,70,5.32,broken clouds
260,Khatanga,RU,71.97,102.5,31.98,96,100,14.7,overcast clouds
261,Lompoc,US,34.64,-120.46,75.2,56,1,6.51,clear sky
262,Gornopravdinsk,RU,60.05,69.9,50.41,80,75,6.91,broken clouds
263,Lorengau,PG,-2.02,147.27,77.47,89,100,7.94,moderate rain
264,Pierre,US,44.37,-100.35,41.0,69,1,4.7,clear sky
265,Barcelos,PT,41.54,-8.62,60.8,100,75,10.29,broken clouds
266,Vostok,RU,46.49,135.88,53.19,66,99,4.52,moderate rain
267,Fukue,JP,32.69,128.84,77.0,69,40,9.17,scattered clouds
268,Klyuchi,RU,52.27,79.17,46.94,56,1,6.06,clear sky
269,Kieta,PG,-6.22,155.63,83.12,68,20,2.98,few clouds
270,Tilichiki,RU,60.47,166.1,42.69,68,95,21.36,overcast clouds
271,Sorland,NO,67.67,12.69,53.6,71,0,9.17,clear sky
272,Luwuk,ID,-0.95,122.79,86.47,62,87,9.24,overcast clouds
273,Szentes,HU,46.65,20.27,51.01,96,89,6.8,overcast clouds
274,Romny,UA,50.75,33.47,55.42,63,99,16.55,overcast clouds
275,Plavinas,LV,56.62,25.73,47.77,76,35,9.31,scattered clouds
276,Kaputa,ZM,-8.47,29.66,74.5,64,0,1.72,clear sky
277,Maniitsoq,GL,65.42,-52.9,40.23,70,100,22.79,overcast clouds
278,Thurso,GB,58.59,-3.53,50.0,100,98,6.93,overcast clouds
279,Mokhotlong,LS,-29.29,29.07,47.43,71,54,5.17,light rain
280,Peru,US,40.75,-86.07,45.0,100,75,5.82,broken clouds
281,Gushikawa,JP,26.35,127.87,84.2,62,20,13.87,few clouds
282,Tonantins,BR,-2.87,-67.8,71.19,98,100,0.78,overcast clouds
283,Ino,JP,33.55,133.43,78.8,61,20,9.17,few clouds
284,Mattru,SL,7.62,-11.83,73.26,98,100,1.88,overcast clouds
285,Hasaki,JP,35.73,140.83,82.99,50,20,4.7,few clouds
286,Ronne,DK,55.1,14.71,59.0,87,43,9.17,scattered clouds
287,Buala,SB,-8.14,159.59,82.69,75,25,11.03,light rain
288,Pathein,MM,16.78,94.73,86.13,78,90,6.55,overcast clouds
289,Maningrida,AU,-12.07,134.27,88.97,47,6,16.4,clear sky
290,Fortuna,US,40.6,-124.16,55.4,100,1,6.93,clear sky
291,Yulara,AU,-25.24,130.99,98.6,9,0,17.22,clear sky
292,Changli,CN,39.7,119.15,67.73,32,0,13.11,clear sky
293,Marawi,PH,8.0,124.29,86.0,72,74,5.01,broken clouds
294,Dwarka,IN,22.24,68.97,84.51,67,7,10.13,clear sky
295,Dinar,TR,38.06,30.17,46.4,65,0,5.82,clear sky
296,Impfondo,CG,1.64,18.07,68.27,97,64,1.99,broken clouds
297,Columbus,US,39.96,-83.0,46.4,87,1,8.01,clear sky
298,Houma,US,29.6,-90.72,69.01,72,1,9.17,clear sky
299,Andenes,NO,69.31,16.12,42.8,87,59,3.36,broken clouds
300,Kutum,SD,14.2,24.67,76.35,51,25,2.48,scattered clouds
301,Pacifica,US,37.61,-122.49,71.6,53,20,4.7,haze
302,Vardo,NO,70.37,31.11,42.8,87,75,2.24,broken clouds
303,Itarema,BR,-2.92,-39.92,78.46,80,34,17.27,scattered clouds
304,Lagoa,PT,39.05,-27.98,68.2,83,100,14.7,overcast clouds
305,Kamenka,RU,51.32,42.77,51.01,66,99,14.2,overcast clouds
306,Chimbote,PE,-9.09,-78.58,61.59,86,92,8.81,overcast clouds
307,Nikolskoye,RU,59.7,30.79,44.01,86,49,6.71,scattered clouds
308,Cayenne,GF,4.93,-52.33,75.2,100,36,3.36,scattered clouds
309,Pemberton,CA,50.32,-122.8,64.72,49,96,0.69,overcast clouds
310,Cervo,ES,43.67,-7.41,52.0,1,97,28.41,overcast clouds
311,Nyirmada,HU,48.07,22.2,55.4,93,90,7.34,overcast clouds
312,Mayo,US,38.89,-76.51,59.0,100,90,6.2,moderate rain
313,Wanning,CN,18.8,110.4,87.08,67,100,5.32,light rain
314,Dhidhdhoo,MV,6.88,73.1,82.24,75,24,10.49,few clouds
315,Wladyslawowo,PL,54.79,18.4,55.99,87,20,14.99,few clouds
316,Solnechnyy,RU,50.72,136.63,56.7,53,35,5.39,scattered clouds
317,Suzun,RU,53.78,82.31,49.35,52,26,0.81,scattered clouds
318,Dongsheng,CN,39.82,109.98,52.81,36,3,5.91,clear sky
319,Jinchang,CN,38.5,102.17,58.71,30,22,7.96,few clouds
320,Kendari,ID,-3.94,122.5,88.39,55,28,8.48,scattered clouds
321,Tukrah,LY,32.53,20.58,72.34,60,34,11.81,scattered clouds
322,Namatanai,PG,-3.67,152.43,81.0,73,100,4.45,overcast clouds
323,Giehun,SL,7.88,-11.05,71.94,98,100,1.97,overcast clouds
324,Merauke,ID,-8.47,140.33,84.63,58,28,23.22,scattered clouds
325,Palmerston,AU,-12.49,130.98,95.0,46,75,10.29,broken clouds
326,Kaeo,NZ,-35.1,173.78,61.0,65,84,5.99,broken clouds
327,Champerico,GT,14.3,-91.92,66.0,96,100,3.36,overcast clouds
328,Bahar,IR,34.91,48.44,53.6,66,40,2.1,scattered clouds
329,Kaseda,JP,31.42,130.32,78.8,50,20,4.7,few clouds
330,Saravan,AM,39.72,45.65,60.8,63,20,13.87,few clouds
331,Belmonte,BR,-15.86,-38.88,71.6,88,40,2.24,scattered clouds
332,Ankazoabo,MG,-22.28,44.52,79.84,37,0,6.17,clear sky
333,Sarangani,PH,5.4,125.46,84.58,71,93,12.26,overcast clouds
334,Yazman,PK,29.12,71.74,93.79,14,0,5.93,clear sky
335,Tripoli,LY,32.88,13.19,80.11,65,70,6.69,broken clouds
336,Khorostkiv,UA,49.21,25.92,54.0,92,94,5.99,overcast clouds
337,Sembakung,ID,3.82,117.25,88.7,65,47,4.99,moderate rain
338,Laon,FR,49.57,3.67,51.8,93,100,8.05,overcast clouds
339,Senno,RU,59.53,33.92,46.72,78,58,6.98,broken clouds
340,Kernersville,US,36.12,-80.07,63.0,72,90,8.05,overcast clouds
341,Copoya,MX,16.72,-93.08,71.6,78,75,20.8,drizzle
342,Willmar,US,45.12,-95.04,37.4,84,1,6.6,clear sky
343,Bara,NG,10.37,10.73,71.56,87,98,7.38,overcast clouds
344,Itarantim,BR,-15.66,-40.07,67.46,93,98,2.17,overcast clouds
345,Samarai,PG,-10.62,150.67,78.76,84,96,20.15,light rain
346,Ratlam,IN,23.32,75.07,83.17,63,0,7.65,clear sky
347,Bathsheba,BB,13.22,-59.52,82.4,78,20,14.99,few clouds
348,Sioni,GE,41.99,45.02,57.2,93,90,1.23,overcast clouds
349,Nabire,ID,-3.37,135.48,86.13,64,84,6.17,broken clouds
350,Russellville,US,35.28,-93.13,53.01,76,1,3.44,clear sky
351,Bud,US,39.45,-86.18,44.01,100,1,6.04,clear sky
352,Omsukchan,RU,62.53,155.8,40.59,60,0,1.3,clear sky
353,Christchurch,NZ,-43.53,172.63,68.0,28,1,14.99,clear sky
354,Wasilla,US,61.58,-149.44,53.6,54,90,6.93,overcast clouds
355,Bowen,AU,-20.02,148.23,80.6,54,88,18.34,overcast clouds
356,Sola,VU,-13.88,167.55,80.2,81,33,10.6,scattered clouds
357,Tongchuan,CN,35.08,109.09,49.62,79,100,3.58,light rain
358,Amudat,UG,1.95,34.95,72.68,61,3,2.28,clear sky
359,Minusinsk,RU,53.71,91.69,41.0,65,40,4.47,scattered clouds
360,Voh,NC,-20.97,164.7,75.27,51,100,10.78,overcast clouds
361,Caravelas,BR,-17.71,-39.25,71.1,89,79,5.55,broken clouds
362,Altay,CN,47.87,88.12,45.12,52,8,3.69,clear sky
363,Ulaangom,MN,49.98,92.07,40.44,60,0,3.31,clear sky
364,Date,JP,42.47,140.87,65.26,78,100,9.75,light rain
365,Mormugao,IN,15.4,73.8,82.4,78,75,4.7,broken clouds
366,Carauari,BR,-4.88,-66.9,71.01,93,100,0.67,overcast clouds
367,Lucea,JM,18.45,-78.17,80.6,88,40,4.7,scattered clouds
368,Bulolo,PG,-7.2,146.65,79.23,66,77,4.61,light rain
369,Maceio,BR,-9.67,-35.74,73.4,88,75,2.24,broken clouds
370,Grindavik,IS,63.84,-22.43,39.2,93,20,11.41,few clouds
371,Bremerton,US,47.57,-122.63,61.0,82,1,4.7,clear sky
372,Ransang,PH,8.96,117.58,86.09,68,12,6.33,few clouds
373,Tarauaca,BR,-8.16,-70.77,74.98,74,71,2.66,broken clouds
374,Taltal,CL,-25.4,-70.48,58.03,69,14,3.24,few clouds
375,Awbari,LY,26.59,12.78,72.54,26,0,3.15,clear sky
376,Moranbah,AU,-22.0,148.05,89.24,23,52,17.94,broken clouds
377,Tevaitoa,PF,-16.78,-151.5,79.86,77,8,21.65,clear sky
378,Egvekinot,RU,66.32,-179.17,34.14,89,100,12.62,overcast clouds
379,Rayagada,IN,19.17,83.42,83.7,64,100,3.47,overcast clouds
380,Altamont,US,42.21,-121.74,62.6,42,1,4.7,clear sky
381,Sovetskiy,RU,61.36,63.58,51.91,77,69,8.93,broken clouds
382,Monterey,US,36.25,-121.25,78.8,31,90,9.17,haze
383,Hami,CN,42.8,93.45,60.21,27,93,10.8,overcast clouds
384,Ancud,CL,-41.87,-73.82,36.0,80,25,2.24,scattered clouds
385,Sabratah,LY,32.79,12.49,78.04,64,90,3.0,overcast clouds
386,Manga,BF,11.66,-1.07,71.76,97,49,6.29,scattered clouds
387,Mindelo,CV,16.89,-24.98,77.79,82,39,15.95,scattered clouds
388,Ryotsu,JP,38.08,138.43,75.2,53,30,5.82,scattered clouds
389,Mananjary,MG,-21.22,48.33,77.07,76,43,2.28,scattered clouds
390,Usinsk,RU,65.99,57.53,46.17,89,99,16.02,overcast clouds
391,Lokosovo,RU,61.13,74.82,48.78,81,90,8.72,overcast clouds
392,Canaries,ES,28.0,-15.5,71.6,73,40,17.22,scattered clouds
393,Kahului,US,20.89,-156.47,82.4,74,75,6.93,broken clouds
394,Kushima,JP,31.46,131.23,78.8,65,20,8.05,few clouds
395,Batticaloa,LK,7.71,81.69,86.05,53,100,2.8,overcast clouds
396,Aras,ES,42.56,-2.36,59.0,82,75,4.7,light rain
397,Torbay,CA,47.67,-52.73,60.01,100,90,8.05,overcast clouds
398,Roald,NO,62.58,6.13,60.8,55,71,16.11,light rain
399,Vitim,RU,59.45,112.56,41.25,59,9,3.18,clear sky
400,Antalaha,MG,-14.9,50.28,76.8,71,43,4.25,scattered clouds
401,Warrnambool,AU,-38.38,142.48,78.01,52,0,8.01,clear sky
402,Codrington,AU,-38.27,141.97,73.69,67,0,14.76,clear sky
403,Catuday,PH,16.29,119.81,84.07,76,98,9.37,overcast clouds
404,Margate,GB,51.38,1.39,60.01,85,100,5.01,light rain
405,Sabalgarh,IN,26.25,77.4,91.26,29,0,6.22,clear sky
406,Blagoyevo,RU,63.37,47.92,47.34,90,91,3.58,overcast clouds
407,Lashio,MM,22.93,97.75,84.11,65,87,2.08,overcast clouds
408,Husavik,IS,66.04,-17.34,24.8,92,49,3.36,scattered clouds
409,Manyana,BW,-23.4,21.72,47.52,49,0,10.36,clear sky
410,Taybad,IR,34.74,60.78,67.91,22,0,8.19,clear sky
411,Bilibino,RU,68.05,166.44,30.94,91,79,1.41,broken clouds
412,Barkhera,IN,28.45,79.8,86.23,54,0,2.93,clear sky
413,Olafsvik,IS,64.89,-23.71,43.16,72,62,15.61,broken clouds
414,Matara,LK,5.95,80.54,84.99,67,85,13.06,overcast clouds
415,Koriyama,JP,37.4,140.38,73.0,49,20,5.82,few clouds
416,Tura,IN,25.52,90.22,84.33,85,86,0.51,overcast clouds
417,Moerai,PF,-22.43,-151.33,75.49,85,84,13.47,broken clouds
418,Meulaboh,ID,4.14,96.13,83.61,73,93,7.99,overcast clouds
419,Burnie,AU,-41.07,145.92,66.0,51,39,11.01,scattered clouds
420,Yar-Sale,RU,66.83,70.83,47.34,85,94,13.65,overcast clouds
421,Salinopolis,BR,-0.61,-47.36,78.15,84,89,10.31,overcast clouds
422,Awjilah,LY,29.11,21.29,76.01,42,0,7.4,clear sky
423,Naze,JP,28.37,129.48,82.4,65,75,13.87,broken clouds
424,Butka,RU,56.72,63.79,52.93,80,99,7.38,overcast clouds
425,Moree,AU,-29.47,149.85,84.2,25,0,11.41,clear sky
426,Hohhot,CN,40.81,111.65,53.6,23,2,4.47,clear sky
427,Mossendjo,CG,-2.95,12.73,68.52,95,100,2.04,overcast clouds
428,Tiznit,MA,29.58,-9.5,62.78,81,10,1.01,clear sky
429,Yomou,GN,7.56,-9.27,69.6,99,100,4.27,overcast clouds
430,Taikang,CN,46.83,124.42,58.75,53,77,13.09,light rain
431,Sobolevo,RU,54.43,31.9,49.32,64,77,12.17,broken clouds
432,Lahij,YE,13.17,44.58,78.37,77,52,7.47,broken clouds
433,Barquisimeto,VE,10.07,-69.32,70.66,88,99,3.74,overcast clouds
434,Rumonge,BI,-3.97,29.44,76.08,58,11,3.15,few clouds
435,Manaus,BR,-3.1,-60.02,77.0,83,75,5.82,heavy intensity rain
436,Kandrian,PG,-6.22,149.55,74.55,94,100,5.77,very heavy rain
437,Krasnoufimsk,RU,56.61,57.77,52.54,71,52,2.04,broken clouds
438,Wyndham,US,37.7,-77.61,60.8,77,90,5.82,overcast clouds
439,Sterling,US,39.01,-77.43,57.99,93,90,1.25,light rain
440,Mareeba,AU,-17.0,145.43,86.0,43,9,7.0,clear sky
441,Paraisopolis,BR,-22.55,-45.78,73.99,66,32,0.65,scattered clouds
442,Adilcevaz,TR,38.8,42.73,53.6,58,40,3.36,scattered clouds
443,Camacha,PT,33.08,-16.33,68.0,88,75,9.17,broken clouds
444,Ngunguru,NZ,-35.62,174.5,61.0,65,72,5.99,broken clouds
445,Ereymentau,KZ,51.62,73.1,49.75,62,57,2.24,broken clouds
446,Kenai,US,60.55,-151.26,52.0,66,90,10.29,overcast clouds
447,Ginir,ET,7.13,40.7,64.33,73,55,0.89,broken clouds
448,Hobyo,SO,5.35,48.53,80.76,73,9,15.19,clear sky
449,Vila,PT,42.03,-8.16,54.0,95,100,14.0,overcast clouds
450,Shihezi,CN,44.3,86.03,60.6,30,0,9.51,clear sky
451,Nuuk,GL,64.18,-51.72,44.6,56,100,13.87,moderate rain
452,Pleasanton,US,37.66,-121.87,75.99,45,0,3.13,clear sky
453,Kilindoni,TZ,-7.91,39.67,78.44,77,67,7.23,broken clouds
454,Rongcheng,CN,30.63,117.85,81.0,86,12,3.49,few clouds
455,Kingman,US,35.19,-114.05,80.01,10,1,10.29,clear sky
456,Esna,EG,25.29,32.55,80.6,47,0,4.7,clear sky
457,Kosh-Agach,RU,50.0,88.67,33.24,74,74,1.39,broken clouds
458,Sardarshahr,IN,28.43,74.48,94.55,11,0,9.26,clear sky
459,Mehamn,NO,71.04,27.85,41.0,93,75,3.36,broken clouds
460,Huescar,ES,37.81,-2.54,59.0,81,100,3.0,overcast clouds
461,Leshukonskoye,RU,64.9,45.76,44.83,90,57,6.22,broken clouds
462,Leningradskiy,RU,69.38,178.42,34.86,94,100,21.68,light rain
463,Taonan,CN,45.33,122.78,58.12,51,24,14.94,few clouds
464,Mazyr,BY,52.05,29.25,54.18,71,87,11.01,overcast clouds
465,Sangar,RU,63.92,127.47,37.94,70,0,4.68,clear sky
466,Orlik,RU,52.52,99.83,30.67,73,99,5.91,overcast clouds
467,Zhigansk,RU,66.77,123.37,35.33,79,91,15.86,overcast clouds
468,Kuito,AO,-12.38,16.93,61.92,77,33,1.9,light rain
469,Caconda,AO,-13.73,15.07,58.41,94,85,2.91,overcast clouds
470,Yaan,NG,7.38,8.57,71.69,99,99,4.59,moderate rain
471,Aksu,CN,41.12,80.26,65.89,23,100,4.23,overcast clouds
472,Linjiang,CN,41.81,126.91,65.07,44,6,12.37,clear sky
473,Truro,GB,50.27,-5.05,48.2,93,100,8.05,light rain
474,Andrews,US,32.32,-102.55,62.6,36,1,10.29,clear sky
475,Amga,RU,60.9,131.96,42.44,57,20,3.06,few clouds
476,Zhengjiatun,CN,43.51,123.51,62.1,45,0,17.38,clear sky
477,Mansfield,GB,53.13,-1.2,48.0,93,91,1.01,overcast clouds
478,Krasnoselkup,RU,65.7,82.47,45.21,84,100,11.88,overcast clouds
479,Jalu,LY,29.03,21.55,76.33,41,0,7.4,clear sky
480,Aranos,NA,-24.13,19.12,40.39,71,0,6.42,clear sky
481,Auki,SB,-8.77,160.7,84.25,62,29,3.22,scattered clouds
482,Sampit,ID,-2.53,112.95,92.89,51,38,4.14,scattered clouds
483,Itoigawa,JP,37.03,137.85,81.0,45,12,1.01,few clouds
484,Salalah,OM,17.02,54.09,78.8,74,3,4.7,clear sky
485,Bendigo,AU,-36.77,144.28,75.92,51,0,10.71,clear sky
486,Letterkenny,IE,54.95,-7.73,45.46,90,83,7.05,light rain
487,Mascote,BR,-15.56,-39.3,66.67,97,70,0.92,broken clouds
488,Mandalgovi,MN,45.76,106.27,42.67,55,98,15.86,overcast clouds
489,Divo,CI,5.84,-5.36,71.56,99,100,3.74,overcast clouds
490,Innisfail,AU,-17.53,146.03,75.99,46,33,18.01,scattered clouds
491,Clevelandia,BR,-26.4,-52.47,69.31,52,23,4.16,few clouds
492,Svetlaya,RU,46.54,138.33,57.78,68,96,7.58,overcast clouds
493,Leh,IN,34.17,77.58,48.69,37,0,4.74,clear sky
494,Geraldton,AU,-28.77,114.6,73.4,53,40,13.87,light rain
495,Gongzhuling,CN,43.5,124.82,58.89,54,15,18.16,few clouds
496,Wukari,NG,7.85,9.78,72.63,95,98,3.62,moderate rain
497,Buchanan,LR,5.88,-10.05,76.78,89,98,7.87,moderate rain
498,Ilheus,BR,-14.79,-39.05,71.35,89,70,3.06,broken clouds
499,Bata,GQ,1.86,9.77,75.4,88,82,6.44,broken clouds
500,Rovaniemi,FI,66.5,25.72,48.2,100,75,4.7,broken clouds
501,Urumqi,CN,43.8,87.6,55.4,30,6,6.71,clear sky
502,Shingu,JP,33.73,135.98,77.0,65,20,3.36,few clouds
503,Nagorsk,RU,59.32,50.81,50.83,89,50,3.98,scattered clouds
504,Ekhabi,RU,53.51,142.97,51.6,69,30,6.04,scattered clouds
505,Neyshabur,IR,36.21,58.8,61.57,30,0,2.57,clear sky
506,Kapuskasing,CA,49.42,-82.43,35.6,97,90,6.93,overcast clouds
507,Bosaso,SO,11.28,49.18,86.0,66,20,4.7,few clouds
508,Mahuva,IN,21.09,71.76,85.98,65,94,7.25,overcast clouds
509,Emerald,AU,-23.53,148.17,90.0,24,0,5.82,clear sky
510,Saint-Louis,SN,16.33,-15.0,89.6,23,0,8.25,clear sky
511,Jumla,NP,29.27,82.18,63.0,95,0,4.45,clear sky
512,Mahajanga,MG,-15.72,46.32,78.8,83,20,4.7,few clouds
513,Xucheng,CN,20.35,110.13,86.0,84,40,4.47,moderate rain
514,Kralendijk,BQ,12.15,-68.27,82.4,83,100,10.29,overcast clouds
515,Miranda,CO,3.25,-76.23,72.0,53,67,3.98,light rain
516,Wattegama,LK,6.8,81.48,94.19,34,63,7.02,broken clouds
517,Ornskoldsvik,SE,63.29,18.72,46.4,100,90,8.05,mist
518,Havelock,US,34.88,-76.9,70.0,87,20,5.14,few clouds
519,Kodinsk,RU,58.69,99.18,39.97,70,30,4.07,scattered clouds
520,Konyshevka,RU,51.84,35.29,57.2,41,100,17.9,moderate rain
521,Mitsamiouli,KM,-11.38,43.28,79.2,78,61,12.03,broken clouds
522,Tete,MZ,-16.16,33.59,75.2,64,12,3.36,mist
523,Sibu,MY,2.3,111.82,89.6,62,40,4.7,scattered clouds
524,Kasongo,CD,-4.45,26.67,69.98,87,69,2.73,broken clouds
525,Mata,PT,40.68,-7.46,61.0,92,100,17.0,moderate rain
526,Malakal,SS,9.53,31.66,74.21,87,3,2.55,clear sky
527,Takestan,IR,36.07,49.7,62.6,39,1,4.7,clear sky
528,Murud,IN,18.33,72.97,81.93,78,100,1.57,overcast clouds
529,Luderitz,NA,-26.65,15.16,51.31,74,1,4.79,clear sky
530,Lianran,CN,24.92,102.48,79.0,82,40,15.66,scattered clouds
531,Ahipara,NZ,-35.17,173.17,59.81,64,97,4.83,overcast clouds
532,Erenhot,CN,43.65,111.98,48.85,42,0,15.82,clear sky
533,Huallanca,PE,-9.9,-76.94,44.62,75,57,2.84,broken clouds
534,Vanimo,PG,-2.67,141.3,79.66,80,99,14.81,overcast clouds
535,Beni,CD,0.5,29.47,63.84,99,10,1.23,clear sky
536,Launceston,AU,-41.45,147.17,63.0,63,75,26.4,broken clouds
537,Igarka,RU,67.47,86.58,40.35,95,100,10.27,light rain
538,Denpasar,ID,-8.65,115.22,87.8,79,20,14.99,few clouds
539,Bereda,ES,43.27,-7.54,52.0,100,97,8.01,overcast clouds
540,Hambantota,LK,6.12,81.12,87.03,59,54,20.04,broken clouds
541,Baherden,TM,38.44,57.43,65.64,25,0,2.8,clear sky
542,Turukhansk,RU,65.82,87.98,40.3,97,100,13.47,overcast clouds
543,Guatire,VE,10.48,-66.54,77.0,94,75,2.24,broken clouds
544,Macapa,BR,0.04,-51.07,80.6,88,20,3.36,few clouds
545,Batouri,CM,4.43,14.37,65.7,97,100,1.3,overcast clouds
546,Shahdadkot,PK,27.85,67.91,96.26,12,0,3.36,clear sky
547,Ziro,IN,27.63,93.83,86.0,79,75,5.82,broken clouds
548,Qasigiannguit,GL,68.82,-51.19,35.6,69,100,9.17,overcast clouds
549,Xining,CN,36.62,101.77,55.74,39,28,4.16,scattered clouds
550,Trelew,AR,-43.25,-65.31,37.36,74,45,13.38,scattered clouds
551,Rabaul,PG,-4.2,152.17,79.16,62,100,1.63,overcast clouds
552,Harnai,PK,30.1,67.94,84.22,12,0,3.83,clear sky
553,Batesville,US,35.77,-91.64,54.0,58,1,3.36,clear sky
554,Mazatlan,MX,23.22,-106.42,86.0,83,20,7.92,few clouds
555,Monrovia,LR,6.3,-10.8,77.41,88,100,9.35,light rain
556,Bonavista,CA,48.65,-53.11,59.0,78,97,5.99,overcast clouds
557,Chumikan,RU,54.72,135.31,52.21,67,48,11.23,scattered clouds
558,Venice,US,27.1,-82.45,78.01,83,90,11.41,overcast clouds
559,Nouadhibou,MR,20.93,-17.03,71.6,78,0,19.46,clear sky
560,Chaplynka,UA,46.37,33.54,61.97,77,65,10.11,light rain
561,Weligama,LK,5.97,80.42,84.33,69,91,12.68,overcast clouds
562,Shache,CN,38.42,77.24,67.77,23,1,9.53,clear sky
563,Lar,IN,26.2,83.97,88.83,53,27,2.53,scattered clouds
564,Chumphon,TH,10.33,98.83,86.0,74,40,8.05,scattered clouds
565,Oranjestad,AW,12.52,-70.03,82.4,78,20,10.29,few clouds
566,Lubaczow,PL,50.16,23.12,54.0,98,100,5.01,light rain
567,Zlitan,LY,32.47,14.57,80.87,39,86,5.17,overcast clouds
568,Palmer,US,42.16,-72.33,53.01,93,75,0.54,broken clouds
569,Astoria,US,46.19,-123.83,59.0,100,90,3.36,mist
570,Karabulak,RU,43.3,44.9,51.8,87,81,2.24,broken clouds
571,Phalodi,IN,27.13,72.37,94.28,30,0,10.42,clear sky
572,Gillette,US,44.29,-105.5,48.99,52,1,3.36,clear sky
573,Costinesti,RO,43.95,28.63,51.8,71,20,4.7,few clouds
574,Ugoofaaru,MV,5.67,73.0,82.36,73,42,10.07,scattered clouds
575,Mkushi,ZM,-13.62,29.39,70.57,40,13,7.67,few clouds
576,Bonthe,SL,7.53,-12.51,76.77,90,99,5.01,overcast clouds
577,Guiyang,CN,26.58,106.72,69.8,94,90,8.95,overcast clouds
578,Itapage,BR,-3.69,-39.59,72.75,89,63,6.96,broken clouds
579,Gejiu,CN,23.31,103.16,70.05,81,66,5.7,broken clouds
580,Madimba,TZ,-10.4,40.33,73.4,100,20,5.19,few clouds
581,Salamiyah,SY,35.01,37.05,68.16,77,0,5.79,clear sky
582,Laramie,US,41.31,-105.59,48.99,36,1,10.29,clear sky
583,Katete,UG,-0.78,29.75,63.95,89,0,2.04,clear sky
584,Dobson,US,36.4,-80.72,62.6,51,90,3.36,overcast clouds
585,Bilma,NE,18.69,12.92,82.09,16,0,4.07,clear sky
586,Kanniyakumari,IN,8.08,77.57,84.27,64,87,17.69,overcast clouds
587,Okhotsk,RU,59.38,143.3,52.84,54,44,4.03,scattered clouds
588,Esperantinopolis,BR,-4.87,-44.71,76.46,74,66,4.07,broken clouds
589,Shelburne,CA,44.08,-80.2,48.99,93,90,4.7,overcast clouds
590,Kargasok,RU,59.06,80.86,49.86,90,93,5.97,overcast clouds
591,Lufilufi,WS,-13.87,-171.6,84.2,79,75,3.36,broken clouds
592,Gikongoro,RW,-2.46,29.57,62.91,75,1,1.83,clear sky
593,Kalabo,ZM,-14.97,22.68,74.7,45,26,2.21,scattered clouds
594,Huarmey,PE,-10.07,-78.15,61.74,85,49,8.72,scattered clouds
595,Hurricane,US,37.18,-113.29,80.6,8,1,4.7,clear sky
596,Shakawe,BW,-18.37,21.85,72.41,45,49,4.47,scattered clouds
